Month,Mean_Ozone,Max_Temp
May,24.125,81
Jun,29.444444444444443,90
Jul,59.11538461538461,92
Aug,60,97
Sep,31.448275862068964,93
